subject_hash,condition,y,kappa,kappa_null_mean,p_value,reject_at_0p05
e7f6c011776e8db7,Negative,0,0.32663102176037395,0.15772848131828576,0.039192161567686463,True
e7f6c011776e8db7,Neutral,1,0.23330578167108257,0.16198196826548433,0.1315736852629474,False
e7f6c011776e8db7,Pleasant,2,0.33646042452296454,0.15675447808327614,0.025994801039792043,True
7902699be42c8a8e,Negative,0,0.09576795874679307,0.16435692238250457,0.8956208758248351,False
7902699be42c8a8e,Neutral,1,0.37158557349977644,0.15790767448477272,0.010797840431913617,True
7902699be42c8a8e,Pleasant,2,0.2091312993326463,0.16142539968060268,0.20775844831033793,False
2c624232cdd22177,Negative,0,0.1626262324044587,0.16727737997410178,0.5038992201559688,False
2c624232cdd22177,Neutral,1,0.17306936116054994,0.16073973326072302,0.3649270145970806,False
2c624232cdd22177,Pleasant,2,0.10073648907919232,0.16300685291471678,0.8722255548890222,False
19581e27de7ced00,Negative,0,0.2679787803362827,0.15958203123942416,0.07658468306338732,False
19581e27de7ced00,Neutral,1,0.2889361847134829,0.16401873346175977,0.03699260147970406,True
19581e27de7ced00,Pleasant,2,0.25742996134095747,0.1631495193619396,0.07378524295140972,False
4a44dc15364204a8,Negative,0,0.12689941909659533,0.1645982322683434,0.7108578284343131,False
4a44dc15364204a8,Neutral,1,0.12806822058170453,0.16301654374273708,0.6836632673465307,False
4a44dc15364204a8,Pleasant,2,0.2648664724725045,0.16187825314370943,0.0639872025594881,False
4fc82b26aecb47d2,Negative,0,0.2014587341546418,0.1642702317141267,0.241751649670066,False
4fc82b26aecb47d2,Neutral,1,0.3371065235540933,0.16438736740004872,0.009598080383923215,True
4fc82b26aecb47d2,Pleasant,2,0.24018311696631636,0.16383253961713543,0.10317936412717456,False
6b51d431df5d7f14,Negative,0,0.3126638336675608,0.16370878541119246,0.018196360727854428,True
6b51d431df5d7f14,Neutral,1,0.2604540653665399,0.16423511467129592,0.052389522095580884,False
6b51d431df5d7f14,Pleasant,2,0.33349115451792055,0.16312133561756983,0.010997800439912017,True
3fdba35f04dc8c46,Negative,0,0.21810968420782895,0.16381765316508304,0.16876624675064986,False
3fdba35f04dc8c46,Neutral,1,0.16418533424900578,0.16342857224919388,0.4321135772845431,False
3fdba35f04dc8c46,Pleasant,2,0.2321084937103081,0.16186680730042238,0.14157168566286743,False
8527a891e2241369,Negative,0,0.10394473763988119,0.16105121091178182,0.7998400319936013,False
8527a891e2241369,Neutral,1,0.3058175358430436,0.16238851112414923,0.027794441111777646,True
8527a891e2241369,Pleasant,2,0.21066811942236996,0.16086936008655142,0.1967606478704259,False
e629fa6598d73276,Negative,0,0.17673495884584384,0.1615909398729175,0.3499300139972006,False
e629fa6598d73276,Neutral,1,0.279142043432425,0.16503267846253042,0.04339132173565287,True
e629fa6598d73276,Pleasant,2,0.2459751169104979,0.1586448186305022,0.11237752449510098,False
b17ef6d19c7a5b1e,Negative,0,0.1938819283328174,0.16113315870678144,0.277744451109778,False
b17ef6d19c7a5b1e,Neutral,1,0.22773392786779603,0.16037062637699895,0.14697060587882424,False
b17ef6d19c7a5b1e,Pleasant,2,0.40320442067710716,0.15528324454879233,0.00639872025594881,True
4523540f1504cd17,Negative,0,0.16692328438430046,0.1637848544787275,0.4205158968206359,False
4523540f1504cd17,Neutral,1,0.21424147423185827,0.16291805755996233,0.1965606878624275,False
4523540f1504cd17,Pleasant,2,0.41848465363541243,0.16318873927436092,0.0011997600479904018,True
4ec9599fc203d176,Negative,0,0.08245144757811668,0.16037917434008056,0.9100179964007199,False
4ec9599fc203d176,Neutral,1,0.6630230403410166,0.16040011730677653,0.0001999600079984003,True
4ec9599fc203d176,Pleasant,2,0.43750010208659956,0.15793952921643287,0.0011997600479904018,True
9400f1b21cb527d7,Negative,0,0.4709465527674724,0.1592656719236841,0.0013997200559888023,True
9400f1b21cb527d7,Neutral,1,0.368010195246107,0.15782422637594098,0.014197160567886422,True
9400f1b21cb527d7,Pleasant,2,0.27093881633668704,0.16382381906319532,0.05378924215156969,False
f5ca38f748a1d6ea,Negative,0,0.47827103807760596,0.1585632660141458,0.0005998800239952009,True
f5ca38f748a1d6ea,Neutral,1,0.1354787039788642,0.16146105463921442,0.5912817436512697,False
f5ca38f748a1d6ea,Pleasant,2,0.2764689914704988,0.16459812750196548,0.03279344131173765,True
6f4b6612125fb3a0,Negative,0,0.15916392536807647,0.16389119868715654,0.48990201959608076,False
6f4b6612125fb3a0,Neutral,1,0.28719511597346165,0.16373401159632844,0.03839232153569286,True
6f4b6612125fb3a0,Pleasant,2,0.17935288290663803,0.16343011089218468,0.34973005398920215,False
785f3ec7eb32f30b,Negative,0,0.1798477320192026,0.16205105301147765,0.33613277344531095,False
785f3ec7eb32f30b,Neutral,1,0.5001961911224944,0.1574261550183205,0.0009998000399920016,True
785f3ec7eb32f30b,Pleasant,2,0.1479618198443553,0.15926564232040435,0.5028994201159768,False
535fa30d7e25dd8a,Negative,0,0.34438968937650555,0.16460963243484908,0.008198360327934412,True
535fa30d7e25dd8a,Neutral,1,0.2347050386481499,0.16728772714352877,0.10757848430313938,False
535fa30d7e25dd8a,Pleasant,2,0.4746042692613723,0.16240113362735623,0.0001999600079984003,True
c2356069e9d1e79c,Negative,0,0.23550491513429536,0.16482307831821139,0.10637872425514897,False
c2356069e9d1e79c,Neutral,1,0.2787196138119894,0.16353895983304015,0.03999200159968006,True
c2356069e9d1e79c,Pleasant,2,0.19989552368163166,0.16528778576581005,0.23455308938212358,False
b7a56873cd771f2c,Negative,0,0.14685221564383982,0.16334341963114896,0.563887222555489,False
b7a56873cd771f2c,Neutral,1,0.29372177493986384,0.16585014367637368,0.022795440911817635,True
b7a56873cd771f2c,Pleasant,2,0.3285115970332766,0.16585104296590275,0.010397920415916816,True
670671cd97404156,Negative,0,0.10970727605070807,0.16172879948018207,0.7766446710657868,False
670671cd97404156,Neutral,1,0.511855235250422,0.16013314726065395,0.0001999600079984003,True
670671cd97404156,Pleasant,2,0.2887265060792243,0.155768138353517,0.0619876024795041,False
59e19706d51d39f6,Negative,0,0.10242552405499311,0.1626278968499039,0.855628874225155,False
59e19706d51d39f6,Neutral,1,0.36940918786095817,0.1659791316093443,0.0023995200959808036,True
59e19706d51d39f6,Pleasant,2,0.39420474729270283,0.163180693977638,0.0021995600879824036,True
35135aaa6cc23891,Negative,0,0.19379542407346828,0.15586902514802956,0.2659468106378724,False
35135aaa6cc23891,Neutral,1,0.18101559198696737,0.16330720831863904,0.32953409318136373,False
35135aaa6cc23891,Pleasant,2,0.08145840329618995,0.15928437903098688,0.8800239952009599,False
624b60c58c9d8bfb,Negative,0,0.441904285342197,0.1589690559255045,0.001799640071985603,True
624b60c58c9d8bfb,Neutral,1,0.09724585248463676,0.16331324223981625,0.8804239152169566,False
624b60c58c9d8bfb,Pleasant,2,0.1959259796266207,0.16197825616260383,0.265746850629874,False
e29c9c180c6279b0,Negative,0,0.34871600537634256,0.15899754543082992,0.015396920615876825,True
e29c9c180c6279b0,Neutral,1,0.32095310929460474,0.15747167617645969,0.03059388122375525,True
e29c9c180c6279b0,Pleasant,2,0.19540597219240857,0.15914145565356347,0.2555488902219556,False
c6f3ac57944a5314,Negative,0,0.16851890334887432,0.1627375121381284,0.40511897620475906,False
c6f3ac57944a5314,Neutral,1,0.20950755189307474,0.16230016729550376,0.20355928814237154,False
c6f3ac57944a5314,Pleasant,2,0.23432168223117114,0.1631215857671172,0.1267746450709858,False
86e5014965866131,Negative,0,0.21575843470151626,0.15973608419170146,0.1807638472305539,False
86e5014965866131,Neutral,1,0.21005412464565643,0.16249992050907477,0.19276144771045792,False
86e5014965866131,Pleasant,2,0.22646251528133216,0.15788426350944798,0.16856628674265148,False
9f14025af0065b30,Negative,0,0.5276375930545636,0.16227523975598898,0.0001999600079984003,True
9f14025af0065b30,Neutral,1,0.505210658585537,0.162605934990793,0.0001999600079984003,True
9f14025af0065b30,Pleasant,2,0.49114002279852204,0.1582096543690517,0.0005998800239952009,True
76a50887d8f1c2e9,Negative,0,0.2890226443728231,0.16561961039874942,0.021395720855828835,True
76a50887d8f1c2e9,Neutral,1,0.12426608048759509,0.15911080895668644,0.6606678664267147,False
76a50887d8f1c2e9,Pleasant,2,0.2514607969536926,0.1601474918007765,0.09498100379924015,False
7a61b53701befdae,Negative,0,0.2194647869016085,0.16346742453962784,0.16576684663067387,False
7a61b53701befdae,Neutral,1,0.15575205971892014,0.1627038767866157,0.4891021795640872,False
7a61b53701befdae,Pleasant,2,0.29715557120455904,0.16386318855604992,0.020595880823835233,True
aea92132c4cbeb26,Negative,0,0.17375725145151957,0.16009927023484702,0.35492901419716055,False
aea92132c4cbeb26,Neutral,1,0.41738797501657754,0.15749868989843135,0.0013997200559888023,True
aea92132c4cbeb26,Pleasant,2,0.3961431163032383,0.15856459894678995,0.004399120175964807,True
0b918943df0962bc,Negative,0,0.2706226188160096,0.16540141940220288,0.04519096180763847,True
0b918943df0962bc,Neutral,1,0.23875333484085234,0.16649085528059052,0.10297940411917617,False
0b918943df0962bc,Pleasant,2,0.23028952363999783,0.16498774639624908,0.14537092581483704,False
3d914f9348c9cc0f,Negative,0,0.2158008126254743,0.1592439277291055,0.1923615276944611,False
3d914f9348c9cc0f,Neutral,1,0.34071792434865583,0.1623754823501851,0.011197760447910418,True
3d914f9348c9cc0f,Pleasant,2,0.32596671743150113,0.16176147312004355,0.021395720855828835,True
73475cb40a568e8d,Negative,0,0.17804504259444784,0.16416972442315245,0.3635272945410918,False
73475cb40a568e8d,Neutral,1,0.3164543657963185,0.1663496614394975,0.010397920415916816,True
73475cb40a568e8d,Pleasant,2,0.2832483794580407,0.16199877073698685,0.04059188162367527,True
44cb730c420480a0,Negative,0,0.14813463747109742,0.1646625150964381,0.5666866626674665,False
44cb730c420480a0,Neutral,1,0.12205153024194387,0.16049384161497088,0.6876624675064987,False
44cb730c420480a0,Pleasant,2,0.11970464917199573,0.16186118335760258,0.705258948210358,False
71ee45a3c0db9a98,Negative,0,0.13053191765801453,0.1645633369238308,0.6648670265946811,False
71ee45a3c0db9a98,Neutral,1,0.09074114367684984,0.1571166527919086,0.8240351929614077,False
71ee45a3c0db9a98,Pleasant,2,0.21834981919943003,0.16276575751568784,0.17176564687062587,False
811786ad1ae74adf,Negative,0,0.10485048365949555,0.16499408835091645,0.8650269946010798,False
811786ad1ae74adf,Neutral,1,0.09025264715813842,0.16372429990654408,0.9302139572085583,False
811786ad1ae74adf,Pleasant,2,0.24333925433793188,0.16228475189812622,0.10957808438312337,False
25fc0e7096fc6537,Negative,0,0.09742394691906504,0.1662201874043963,0.9250149970005999,False
25fc0e7096fc6537,Neutral,1,0.4931218351643207,0.16229490643392197,0.0001999600079984003,True
25fc0e7096fc6537,Pleasant,2,0.36827688312716145,0.16387039901409484,0.005598880223955209,True
31489056e0916d59,Negative,0,0.3518173848314034,0.1625982646841787,0.009398120375924815,True
31489056e0916d59,Neutral,1,0.2653505267583573,0.16690397941135104,0.041391721655668866,True
31489056e0916d59,Pleasant,2,0.27756986427616726,0.1600863386689488,0.05638872225554889,False
98010bd9270f9b10,Negative,0,0.09503162266469614,0.16538015491285762,0.9312137572485503,False
98010bd9270f9b10,Neutral,1,0.16148225109451364,0.1614388056066585,0.4389122175564887,False
98010bd9270f9b10,Pleasant,2,0.288461164493014,0.16680037808198672,0.01879624075184963,True
0e17daca5f3e175f,Negative,0,0.35822722125046297,0.15736993167476598,0.016596680663867228,True
0e17daca5f3e175f,Neutral,1,0.1686579659040757,0.16246660618218586,0.40111977604479104,False
0e17daca5f3e175f,Pleasant,2,0.22591159149353732,0.1599344881213499,0.15316936612677465,False
1a6562590ef19d10,Negative,0,0.15336826552438315,0.16402136981215953,0.5316936612677464,False
1a6562590ef19d10,Neutral,1,0.1809743191610656,0.16495544043256122,0.35112977404519097,False
1a6562590ef19d10,Pleasant,2,0.34589948545731275,0.16347695660197495,0.006798640271945611,True
031b4af5197ec30a,Negative,0,0.3935383289593441,0.15746180006784116,0.0057988402319536095,True
031b4af5197ec30a,Neutral,1,0.4628610208753027,0.15343005998384243,0.0015996800639872025,True
031b4af5197ec30a,Pleasant,2,0.25184332983335894,0.1605584563906456,0.09098180363927215,False
41cfc0d1f2d127b0,Negative,0,0.1830527957540633,0.16627868891396724,0.3463307338532294,False
41cfc0d1f2d127b0,Neutral,1,0.23525813592339168,0.1599566088610794,0.1267746450709858,False
41cfc0d1f2d127b0,Pleasant,2,0.2315650691262828,0.1676393012881472,0.1221755648870226,False
2858dcd1057d3eae,Negative,0,0.3532857176123701,0.16316116227353633,0.010597880423915218,True
2858dcd1057d3eae,Neutral,1,0.18615917314541697,0.16445464227286233,0.3157368526294741,False
2858dcd1057d3eae,Pleasant,2,0.43489743636187816,0.15604299784632789,0.0015996800639872025,True
2fca346db6561871,Negative,0,0.350523083715928,0.16480288198076629,0.002999400119976005,True
2fca346db6561871,Neutral,1,0.23953387403000334,0.16410175905775018,0.10177964407118577,False
2fca346db6561871,Pleasant,2,0.15129752825602813,0.16259880283417555,0.5170965806838632,False
02d20bbd7e394ad5,Negative,0,0.18602570008953984,0.16229852075942872,0.3033393321335733,False
02d20bbd7e394ad5,Neutral,1,0.10760876209062001,0.16299205146427204,0.8158368326334733,False
02d20bbd7e394ad5,Pleasant,2,0.29682797850486575,0.16059912943984267,0.041391721655668866,True
7688b6ef52555962,Negative,0,0.24488282869732161,0.16264481457052224,0.11177764447110577,False
7688b6ef52555962,Neutral,1,0.22330446496730091,0.1653188177496223,0.14877024595080984,False
7688b6ef52555962,Pleasant,2,0.2253659799607065,0.1598714293606879,0.15436912617476506,False
c837649cce43f272,Negative,0,0.10151483041656827,0.16247987719212598,0.8298340331933614,False
c837649cce43f272,Neutral,1,0.1306072130119425,0.16279321229510504,0.6762647470505899,False
c837649cce43f272,Pleasant,2,0.2460800053495071,0.16133702362396798,0.10457908418316336,False
6208ef0f7750c111,Negative,0,0.18330516295905053,0.16307789128794647,0.3261347730453909,False
6208ef0f7750c111,Neutral,1,0.21778958234922127,0.16426949061091412,0.15716856628674264,False
6208ef0f7750c111,Pleasant,2,0.08247983635791632,0.16347859314325947,0.948010397920416,False
81b8a03f97e8787c,Negative,0,0.19115690658989715,0.16433080994027008,0.2897420515896821,False
81b8a03f97e8787c,Neutral,1,0.19497265080573667,0.16364616350093256,0.27014597080583885,False
81b8a03f97e8787c,Pleasant,2,0.17670616165582284,0.1635741044099437,0.3599280143971206,False
da4ea2a5506f2693,Negative,0,0.17057683027773005,0.166664501816429,0.4195160967806439,False
da4ea2a5506f2693,Neutral,1,0.08649031645126173,0.16486430156321394,0.9410117976404719,False
da4ea2a5506f2693,Pleasant,2,0.112012170361565,0.1619611686125231,0.747250549890022,False
a68b412c4282555f,Negative,0,0.21401196962761007,0.16574661875894753,0.1827634473105379,False
a68b412c4282555f,Neutral,1,0.20893570456535213,0.16497505226432088,0.1941611677664467,False
a68b412c4282555f,Pleasant,2,0.24398159693264465,0.16323730963372052,0.09098180363927215,False
108c995b953c8a35,Negative,0,0.3770151187145031,0.15849870955053785,0.007598480303939212,True
108c995b953c8a35,Neutral,1,0.16141168913686357,0.165605923649405,0.48410317936412717,False
108c995b953c8a35,Pleasant,2,0.21709761457141127,0.16074440821070723,0.19796040791841632,False
3ada92f28b4ceda3,Negative,0,0.1617528932774357,0.16193683461342295,0.4349130173965207,False
3ada92f28b4ceda3,Neutral,1,0.20109916364841454,0.1628894392077692,0.2425514897020596,False
3ada92f28b4ceda3,Pleasant,2,0.14868001481698817,0.16045745259805969,0.5050989802039592,False
49d180ecf5613281,Negative,0,0.2808112280978446,0.16112096778286575,0.052389522095580884,False
49d180ecf5613281,Neutral,1,0.21627854175887656,0.16243243435742322,0.1773645270945811,False
49d180ecf5613281,Pleasant,2,0.23087833483773923,0.16031486288805907,0.16196760647870426,False
a21855da08cb102d,Negative,0,0.27284255804482416,0.16117679089712086,0.05598880223955209,False
a21855da08cb102d,Neutral,1,0.15558371649146327,0.16339969824860523,0.489502099580084,False
a21855da08cb102d,Pleasant,2,0.25106224670951527,0.16311101100353292,0.07718456308738253,False
c75cb66ae28d8ebc,Negative,0,0.3927671893909179,0.1611390042084157,0.0065986802639472104,True
c75cb66ae28d8ebc,Neutral,1,0.4194830287133292,0.16217222021599778,0.001999600079984003,True
c75cb66ae28d8ebc,Pleasant,2,0.2907249196224964,0.15873729632017425,0.05878824235152969,False
ff5a1ae012afa5d4,Negative,0,0.251349901326439,0.1656616996927825,0.0669866026794641,False
ff5a1ae012afa5d4,Neutral,1,0.11544314317123329,0.15880766388558323,0.6984603079384123,False
ff5a1ae012afa5d4,Pleasant,2,0.4702396232093739,0.1607911760650405,0.0011997600479904018,True
8722616204217edd,Negative,0,0.23427414206379246,0.16480680239905063,0.11357728454309138,False
8722616204217edd,Neutral,1,0.11370294097817918,0.16186507380138845,0.7644471105778844,False
8722616204217edd,Pleasant,2,0.16787558647284045,0.16572911382867617,0.43691261747650467,False
96061e92f58e4bdc,Negative,0,0.24738543090239506,0.15974830247129226,0.10037992401519696,False
96061e92f58e4bdc,Neutral,1,0.23401851232914364,0.16145489585285655,0.13097380523895222,False
96061e92f58e4bdc,Pleasant,2,0.15389774063497139,0.16137153073327581,0.47750449910017995,False
eb624dbe56eb6620,Negative,0,0.24836361594580306,0.16186567165209775,0.09198160367926415,False
eb624dbe56eb6620,Neutral,1,0.1912589028340152,0.1649686300238586,0.29874025194961007,False
eb624dbe56eb6620,Pleasant,2,0.07454362323649459,0.16126463210278724,0.9494101179764047,False
f369cb89fc627e66,Negative,0,0.40643479909884866,0.16454646408238147,0.0011997600479904018,True
f369cb89fc627e66,Neutral,1,0.1133015269647246,0.16539729981895876,0.8264347130573885,False
f369cb89fc627e66,Pleasant,2,0.4117013017163268,0.15745395830697656,0.003799240151969606,True
f74efabef12ea619,Negative,0,0.2897833253280183,0.16247208948450143,0.03539292141571686,True
f74efabef12ea619,Neutral,1,0.4922562584069278,0.16000100443003434,0.0005998800239952009,True
f74efabef12ea619,Pleasant,2,0.342384810521521,0.16039018949020994,0.017196560687862426,True
a88a7902cb4ef697,Negative,0,0.3431649305000116,0.1598921260093649,0.01839632073585283,True
a88a7902cb4ef697,Neutral,1,0.15752266869468948,0.1634363229855696,0.48310337932413516,False
a88a7902cb4ef697,Pleasant,2,0.4725801721457445,0.15839957101168578,0.0001999600079984003,True
349c41201b62db85,Negative,0,0.32306264011041363,0.16076803749107485,0.023795240951809637,True
349c41201b62db85,Neutral,1,0.281953271874449,0.1611320927714155,0.05138972205558888,False
349c41201b62db85,Pleasant,2,0.4135480591691113,0.15836683299456422,0.0027994401119776045,True
98a3ab7c340e8a03,Negative,0,0.48589934322874134,0.1576259526292705,0.0009998000399920016,True
98a3ab7c340e8a03,Neutral,1,0.1301798951941761,0.1634910780541155,0.6700659868026395,False
98a3ab7c340e8a03,Pleasant,2,0.19408588978220578,0.1647449123733814,0.27754449110177964,False
48449a14a4ff7d79,Negative,0,0.332785069735904,0.15730070619440495,0.02459508098380324,True
48449a14a4ff7d79,Neutral,1,0.10736359223774168,0.16521792491906295,0.8608278344331134,False
48449a14a4ff7d79,Pleasant,2,0.11407529063353261,0.16450917736735401,0.8258348330333933,False
a46e37632fa6ca51,Negative,0,0.11955204959110155,0.15851609903419744,0.6702659468106379,False
a46e37632fa6ca51,Neutral,1,0.10074171956056738,0.16370059239066231,0.856628674265147,False
a46e37632fa6ca51,Pleasant,2,0.15377044423800815,0.1619808035628077,0.4823035392921416,False
bbb965ab0c80d653,Negative,0,0.23032361017021757,0.16417073311786384,0.14137172565486902,False
bbb965ab0c80d653,Neutral,1,0.12355825785180868,0.16504152821225862,0.7534493101379725,False
bbb965ab0c80d653,Pleasant,2,0.09052611147464817,0.16284010738810248,0.8958208358328335,False
44c8031cb036a735,Negative,0,0.19765151560745664,0.16125884193210277,0.24575084983003398,False
44c8031cb036a735,Neutral,1,0.2441100757417815,0.16141506592640972,0.10617876424715057,False
44c8031cb036a735,Pleasant,2,0.17431720298608844,0.16045290818288785,0.35332933413317336,False
b4944c6ff08dc6f4,Negative,0,0.3748536205784461,0.15819324221196213,0.010197960407918417,True
b4944c6ff08dc6f4,Neutral,1,0.07714828082541268,0.1636080983942461,0.9512097580483904,False
b4944c6ff08dc6f4,Pleasant,2,0.20204834383606882,0.15832409260904143,0.23075384923015396,False
434c9b5ae514646b,Negative,0,0.18338850503769139,0.15696988222023078,0.30033993201359727,False
434c9b5ae514646b,Neutral,1,0.1139201855087651,0.16318693351241895,0.7918416316736653,False
434c9b5ae514646b,Pleasant,2,0.3386998578148038,0.1566582610208753,0.020795840831833633,True
bdd2d3af3a5a1213,Negative,0,0.2697716304788797,0.1577829714372968,0.09438112377524495,False
bdd2d3af3a5a1213,Neutral,1,0.2124043345803776,0.16279702061848922,0.19196160767846432,False
bdd2d3af3a5a1213,Pleasant,2,0.4530279944597871,0.1568185441630882,0.001799640071985603,True
8b940be7fb78aaa6,Negative,0,0.3874320298940273,0.16333156258408693,0.0007998400319936012,True
8b940be7fb78aaa6,Neutral,1,0.335872086150138,0.16068257988763052,0.021795640871825634,True
8b940be7fb78aaa6,Pleasant,2,0.3285276766799442,0.16527301321811802,0.008998200359928014,True
cd70bea023f752a0,Negative,0,0.21307301151046845,0.1620354578016083,0.1889622075584883,False
cd70bea023f752a0,Neutral,1,0.17726428566261596,0.16367696067133694,0.357128574285143,False
cd70bea023f752a0,Pleasant,2,0.2100149063295945,0.16382250141875582,0.20275944811037794,False
69f59c273b6e669a,Negative,0,0.1535934155896342,0.1624992710512395,0.505498900219956,False
69f59c273b6e669a,Neutral,1,0.11762583945008742,0.16122349433115268,0.7358528294341132,False
69f59c273b6e669a,Pleasant,2,0.3021153235349967,0.1604244792608971,0.04279144171165767,True
8241649609f88ccd,Negative,0,0.1885078180888457,0.16049519106158142,0.28274345130973805,False
8241649609f88ccd,Neutral,1,0.21419639013588895,0.16024120388098123,0.1931613677264547,False
8241649609f88ccd,Pleasant,2,0.1725091869076407,0.16413349360655735,0.39132173565286943,False
6e4001871c0cf27c,Negative,0,0.16201151540076109,0.16242659441840712,0.4423115376924615,False
6e4001871c0cf27c,Neutral,1,0.24615369059199155,0.16171390767783297,0.11137772445510898,False
6e4001871c0cf27c,Pleasant,2,0.3793537707946549,0.1560073654778575,0.007198560287942412,True
e3d6c4d4599e0088,Negative,0,0.25350085333375705,0.15855851001408286,0.10877824435112977,False
e3d6c4d4599e0088,Neutral,1,0.14722879663481825,0.15801792178762702,0.4777044591081784,False
e3d6c4d4599e0088,Pleasant,2,0.20908670834494703,0.15986901096263673,0.21495700859828035,False
ad48ff99415b2f00,Negative,0,0.4114774461223303,0.16593412303767507,0.0003999200159968006,True
ad48ff99415b2f00,Neutral,1,0.3838663223745129,0.16410659211559928,0.001799640071985603,True
ad48ff99415b2f00,Pleasant,2,0.13597802343845872,0.15975981929464805,0.5792841431713657,False
7b1a278f5abe8e9d,Negative,0,0.29890389092738384,0.16211687509964268,0.041991601679664065,True
7b1a278f5abe8e9d,Neutral,1,0.07269597004991542,0.15824023041371973,0.9384123175364927,False
7b1a278f5abe8e9d,Pleasant,2,0.23439371424805747,0.1658847278491541,0.11277744451109778,False
29db0c6782dbd500,Negative,0,0.5471387163572887,0.1588978525087966,0.0001999600079984003,True
29db0c6782dbd500,Neutral,1,0.40043533007205195,0.15964522091804467,0.005598880223955209,True
29db0c6782dbd500,Pleasant,2,0.5559335771960019,0.15792794492617795,0.0001999600079984003,True
37834f2f25762f23,Negative,0,0.2113784219427924,0.15968782113237376,0.20935812837432513,False
37834f2f25762f23,Neutral,1,0.18220331240106288,0.1610327572263656,0.3165366926614677,False
37834f2f25762f23,Pleasant,2,0.2542938818369059,0.16503491742186244,0.0691861627674465,False
5ef6fdf32513aa7c,Negative,0,0.2818878089965842,0.15888638972962554,0.06678664267146571,False
5ef6fdf32513aa7c,Neutral,1,0.2029685070559565,0.1622482814612395,0.22595480903819237,False
5ef6fdf32513aa7c,Pleasant,2,0.49666018057536754,0.16075200781171325,0.0001999600079984003,True
1253e9373e781b75,Negative,0,0.14407667238517816,0.16317757533360583,0.5646870625874825,False
1253e9373e781b75,Neutral,1,0.1258823599616057,0.1616902878104127,0.671865626874625,False
1253e9373e781b75,Pleasant,2,0.3881939573623693,0.16010547920122248,0.004799040191961607,True
3346f2bbf6c34bd2,Negative,0,0.3417339161537343,0.16217541188743068,0.01279744051189762,True
3346f2bbf6c34bd2,Neutral,1,0.20177879509596494,0.1637230684130063,0.23815236952609478,False
3346f2bbf6c34bd2,Pleasant,2,0.14511793668173678,0.1604777187418143,0.518496300739852,False
9537f32ec7599e1a,Negative,0,0.13973074778928019,0.16517951290625946,0.6256748650269947,False
9537f32ec7599e1a,Neutral,1,0.2000751544982392,0.1633145670493807,0.2401519696060788,False
9537f32ec7599e1a,Pleasant,2,0.23665847557705622,0.16045312548221477,0.132373525294941,False
0fd42b3f73c448b3,Negative,0,0.12839907432605288,0.16597770870100179,0.7624475104979004,False
0fd42b3f73c448b3,Neutral,1,0.37432874892879275,0.16172948342911178,0.005398920215956809,True
0fd42b3f73c448b3,Pleasant,2,0.22642398865198934,0.16438299736051246,0.14517096580683864,False
9bdb2af6799204a2,Negative,0,0.25202147709549794,0.1591576161678513,0.10697860427914417,False
9bdb2af6799204a2,Neutral,1,0.5951537401882063,0.1607324654102003,0.0001999600079984003,True
9bdb2af6799204a2,Pleasant,2,0.397404443580842,0.1643312101268626,0.0007998400319936012,True
b1556dea32e9d0cd,Negative,0,0.17873326249078217,0.15996544189445627,0.3285342931413717,False
b1556dea32e9d0cd,Neutral,1,0.35118874053976024,0.16304849400486157,0.009198160367926415,True
b1556dea32e9d0cd,Pleasant,2,0.2590607271936587,0.16182015667413374,0.08798240351929613,False
6c658ee83fb7e812,Negative,0,0.5302640479608431,0.1581439191672373,0.0001999600079984003,True
6c658ee83fb7e812,Neutral,1,0.17276599160880785,0.1628491254982423,0.3815236952609478,False
6c658ee83fb7e812,Pleasant,2,0.2741337258840753,0.15496509608454234,0.07998400319936012,False
28dae7c8bde2f3ca,Negative,0,0.46678724420558293,0.16157404200822376,0.0009998000399920016,True
28dae7c8bde2f3ca,Neutral,1,0.5041221549895671,0.15657554269838453,0.0011997600479904018,True
28dae7c8bde2f3ca,Pleasant,2,0.3946824711468829,0.1581111193808016,0.00599880023995201,True
85daaf6f7055cd57,Negative,0,0.2711986510343144,0.16409558642027924,0.03479304139172166,True
85daaf6f7055cd57,Neutral,1,0.14245730254179273,0.16460481499789337,0.624875024995001,False
85daaf6f7055cd57,Pleasant,2,0.28875942276542543,0.16353740022204957,0.03699260147970406,True
2abaca4911e68fa9,Negative,0,0.21145429527297127,0.16368145920794805,0.1959608078384323,False
2abaca4911e68fa9,Neutral,1,0.11347822767563717,0.1639468186396405,0.8110377924415118,False
2abaca4911e68fa9,Pleasant,2,0.1923640132329927,0.16665878179170063,0.28774245150969807,False
89aa1e580023722d,Negative,0,0.3221819403399657,0.15994107181703066,0.02579484103179364,True
89aa1e580023722d,Neutral,1,0.1266633114361375,0.15938117811038527,0.6302739452109578,False
89aa1e580023722d,Pleasant,2,0.22646684469925477,0.16485666337548674,0.13737252549490103,False
a665a45920422f9d,Negative,0,0.22487576121517686,0.16398262924040818,0.14397120575884823,False
a665a45920422f9d,Neutral,1,0.30015423971593336,0.1638128586998388,0.019396120775844832,True
a665a45920422f9d,Pleasant,2,0.19822391713649304,0.15946255378012125,0.23815236952609478,False
6affdae3b3c1aa6a,Negative,0,0.208042160173751,0.16131173976776583,0.21575684863027395,False
6affdae3b3c1aa6a,Neutral,1,0.4864538465743282,0.16032378760042093,0.0003999200159968006,True
6affdae3b3c1aa6a,Pleasant,2,0.1034065895844975,0.16152279349413073,0.8120375924815036,False
0f8ef3377b30fc47,Negative,0,0.15774599055430852,0.16203431298364915,0.46590681863627276,False
0f8ef3377b30fc47,Neutral,1,0.1306286085860201,0.16090225037644382,0.634873025394921,False
0f8ef3377b30fc47,Pleasant,2,0.13592945471464235,0.16042594139089728,0.5940811837632474,False
65a699905c026193,Negative,0,0.32426118119396613,0.16175758833265047,0.02439512097580484,True
65a699905c026193,Neutral,1,0.19754545961354522,0.16045353585030872,0.2439512097580484,False
65a699905c026193,Pleasant,2,0.40835389054565463,0.16186966810852085,0.001799640071985603,True
2747b7c718564ba5,Negative,0,0.4749604030633118,0.1609064480014563,0.0005998800239952009,True
2747b7c718564ba5,Neutral,1,0.3892085115155929,0.16001328422371275,0.006998600279944011,True
2747b7c718564ba5,Pleasant,2,0.17350983286128355,0.1583302721603662,0.3489302139572086,False
6566230e3a3ce377,Negative,0,0.1949035708230724,0.16118074066426294,0.2531493701259748,False
6566230e3a3ce377,Neutral,1,0.1501303996970167,0.15835674629977098,0.46550689862027594,False
6566230e3a3ce377,Pleasant,2,0.14313578870010701,0.16245848833574966,0.5596880623875224,False
38d66d9692ac5900,Negative,0,0.40997590539046946,0.16169215238403536,0.001999600079984003,True
38d66d9692ac5900,Neutral,1,0.2508234614223666,0.16443924723844439,0.08738252349530094,False
38d66d9692ac5900,Pleasant,2,0.2863653340801458,0.15813317527209067,0.0591881623675265,False
d2f483672c0239f6,Negative,0,0.2175123418622975,0.16502530080061878,0.17116576684663068,False
d2f483672c0239f6,Neutral,1,0.2562658468944042,0.16617781932621928,0.04899020195960808,True
d2f483672c0239f6,Pleasant,2,0.16418959967047161,0.16401153688378972,0.44211157768446313,False
5d389f5e2e34c6b0,Negative,0,0.22875600010156596,0.16489273497293522,0.1297740451909618,False
5d389f5e2e34c6b0,Neutral,1,0.3955910052068798,0.16433275333802758,0.0013997200559888023,True
5d389f5e2e34c6b0,Pleasant,2,0.20297415911118263,0.1603224053283916,0.22875424915016995,False
13671077b66a2987,Negative,0,0.1253492148937733,0.16048801916492644,0.6662667466506699,False
13671077b66a2987,Neutral,1,0.45690816853284827,0.15627641226685013,0.0007998400319936012,True
13671077b66a2987,Pleasant,2,0.307308825841156,0.16285848197099242,0.028594281143771244,True
d6a4031733610bb0,Negative,0,0.19846458829601576,0.1602337296050217,0.2385522895420916,False
d6a4031733610bb0,Neutral,1,0.09967898847838634,0.16396777153674744,0.8734253149370126,False
d6a4031733610bb0,Pleasant,2,0.24383855359543333,0.16355957794575074,0.09898020395920816,False
8d27ba37c5d81010,Negative,0,0.1703832074212204,0.15994834678725442,0.369126174765047,False
8d27ba37c5d81010,Neutral,1,0.1725914430846421,0.16498640694869127,0.4065186962607478,False
8d27ba37c5d81010,Pleasant,2,0.22919517590629937,0.1611913183620535,0.14817036592681462,False
dbae772db29058a8,Negative,0,0.5814017595258952,0.15589273985740118,0.0001999600079984003,True
dbae772db29058a8,Neutral,1,0.35888529769671684,0.15893561252005983,0.015796840631873626,True
dbae772db29058a8,Pleasant,2,0.09210692545516629,0.16076556892297603,0.875624875024995,False
2c7d5490e6050836,Negative,0,0.1973975207218138,0.15710785855241796,0.24675064987002598,False
2c7d5490e6050836,Neutral,1,0.1445036055830399,0.16353745270245845,0.5590881823635273,False
2c7d5490e6050836,Pleasant,2,0.4639569535848282,0.1560648817874244,0.0021995600879824036,True
d4ee9f58e5860574,Negative,0,0.24924977978512305,0.1599989421538288,0.10077984403119376,False
d4ee9f58e5860574,Neutral,1,0.09815055853404826,0.15605062204553852,0.7782443511297741,False
d4ee9f58e5860574,Pleasant,2,0.4593267188839511,0.1584510954690596,0.0005998800239952009,True
5ec1a0c99d428601,Negative,0,0.3219026740803279,0.16193739498367132,0.019396120775844832,True
5ec1a0c99d428601,Neutral,1,0.20231074214389577,0.16229394581963594,0.23235352929414116,False
5ec1a0c99d428601,Pleasant,2,0.2058618876749081,0.1623538402468691,0.21515696860627875,False
be47addbcb8f6056,Negative,0,0.3013572198554277,0.15841415907908768,0.04279144171165767,True
be47addbcb8f6056,Neutral,1,0.35739355804269135,0.15932884290705943,0.014797040591881624,True
be47addbcb8f6056,Pleasant,2,0.1555798581877856,0.1602537353341218,0.4517096580683863,False
1d28c120568c10e1,Negative,0,0.42453640618574323,0.1593636791116175,0.003799240151969606,True
1d28c120568c10e1,Neutral,1,0.21350983358841577,0.16184443021283848,0.19876024795040992,False
1d28c120568c10e1,Pleasant,2,0.5357316148742894,0.1593690284190264,0.0001999600079984003,True
ec2e990b934dde55,Negative,0,0.22411774037579316,0.1580083113584506,0.16476704659068186,False
ec2e990b934dde55,Neutral,1,0.15931354045558074,0.1629607811822982,0.46590681863627276,False
ec2e990b934dde55,Pleasant,2,0.15252356182464707,0.16134578694965027,0.4927014597080584,False
05ada863a4cf9660,Negative,0,0.5442359976886334,0.1553189532015125,0.0001999600079984003,True
05ada863a4cf9660,Neutral,1,0.28974025825835237,0.16238237844429917,0.04579084183163367,True
05ada863a4cf9660,Pleasant,2,0.10826550187411246,0.16353732674438456,0.8074385122975405,False
9ae2bdd7beedc2e7,Negative,0,0.2684231831941123,0.16107187528210107,0.07298540291941612,False
9ae2bdd7beedc2e7,Neutral,1,0.2926275560594647,0.1621626138737702,0.026194761047790442,True
9ae2bdd7beedc2e7,Pleasant,2,0.13225205877083968,0.15944286389272866,0.5984803039392121,False
8e612bd1f5d132a3,Negative,0,0.20152834722642754,0.16422818610953827,0.23895220955808838,False
8e612bd1f5d132a3,Neutral,1,0.2764609577490571,0.1646868134250355,0.047390521895620874,True
8e612bd1f5d132a3,Pleasant,2,0.2680960080704823,0.16382140504491058,0.046790641871625675,True
043066daf2109523,Negative,0,0.2407664595434642,0.16029998319631567,0.1255748850229954,False
043066daf2109523,Neutral,1,0.17540836084885425,0.1619513355670433,0.3739252149570086,False
043066daf2109523,Pleasant,2,0.40242066107020535,0.15868139836822304,0.00599880023995201,True
620c9c332101a5ba,Negative,0,0.11388024878112632,0.16116896066129194,0.7546490701859628,False
620c9c332101a5ba,Neutral,1,0.37496011478210206,0.16304925774603476,0.006998600279944011,True
620c9c332101a5ba,Pleasant,2,0.37264126705048034,0.16050494178222738,0.009598080383923215,True
1d0ebea552eb43d0,Negative,0,0.24843275787064706,0.1637350267969202,0.08838232353529295,False
1d0ebea552eb43d0,Neutral,1,0.2599251256792864,0.16196907743717678,0.07438512297540492,False
1d0ebea552eb43d0,Pleasant,2,0.2591381598228123,0.16360741291678468,0.07698460307938412,False
210e3b160c355818,Negative,0,0.07906561303424385,0.15660954979681063,0.8812237552489502,False
210e3b160c355818,Neutral,1,0.19147694488006234,0.15865244449343902,0.2735452909418116,False
210e3b160c355818,Pleasant,2,0.13448090119676454,0.1613689506444849,0.6034793041391722,False
0fecf9247f3ddc84,Negative,0,0.19126964345808,0.16044249352880863,0.27434513097380525,False
0fecf9247f3ddc84,Neutral,1,0.33921980948393804,0.16594034311422898,0.002599480103979204,True
0fecf9247f3ddc84,Pleasant,2,0.3454954745245576,0.16273999126260383,0.01279744051189762,True
7ed8f0f3b707956d,Negative,0,0.4208142620558049,0.15915510259367488,0.0015996800639872025,True
7ed8f0f3b707956d,Neutral,1,0.1786627193505779,0.1624820989316494,0.34653069386122776,False
7ed8f0f3b707956d,Pleasant,2,0.3383180835957732,0.16293180479626432,0.01219756048790242,True
ff2ccb6ba423d356,Negative,0,0.07416022070829924,0.15708944473382447,0.9168166366726654,False
ff2ccb6ba423d356,Neutral,1,0.15170317427859864,0.15981303471636726,0.46230753849230155,False
ff2ccb6ba423d356,Pleasant,2,0.13642497331233094,0.15972840891013512,0.5584883023395321,False
a512db2741cd2069,Negative,0,0.17991250925157565,0.16351240463098374,0.34293141371725655,False
a512db2741cd2069,Neutral,1,0.1882417340096975,0.16488737906482098,0.3037392521495701,False
a512db2741cd2069,Pleasant,2,0.22867072966651208,0.1586155206944834,0.15356928614277143,False
bb668ca955632160,Negative,0,0.22908398330132576,0.1630839446333542,0.13017396520695862,False
bb668ca955632160,Neutral,1,0.1541064504867749,0.15781283018691294,0.4465106978604279,False
bb668ca955632160,Pleasant,2,0.19882271733758436,0.1590809311976978,0.2429514097180564,False
79d6eaa2676189eb,Negative,0,0.2586696838408769,0.16574220888186722,0.0683863227354529,False
79d6eaa2676189eb,Neutral,1,0.21164362324042388,0.16442278512995434,0.17616476704659068,False
79d6eaa2676189eb,Pleasant,2,0.21047148104718252,0.1649785737658214,0.19876024795040992,False
3d3286f7cd19074f,Negative,0,0.48303960262441586,0.15966907140093528,0.0005998800239952009,True
3d3286f7cd19074f,Neutral,1,0.15721836043998302,0.16122552787614014,0.45770845830833834,False
3d3286f7cd19074f,Pleasant,2,0.08954038309891127,0.15897642190667957,0.8600279944011198,False
3f9807cb9ae9fb6c,Negative,0,0.2967212256416237,0.16089094864359832,0.04879024195160968,True
3f9807cb9ae9fb6c,Neutral,1,0.14997402514238048,0.1610541177063725,0.49870025994801037,False
3f9807cb9ae9fb6c,Pleasant,2,0.2726426910246949,0.1642761181867347,0.05038992201559688,False
bc52dd634277c4a3,Negative,0,0.26409950990559855,0.1637293274473684,0.06718656268746251,False
bc52dd634277c4a3,Neutral,1,0.16690802001189248,0.16374176005961186,0.42711457708458306,False
bc52dd634277c4a3,Pleasant,2,0.15570987317910145,0.158761310575935,0.4427114577084583,False
73d3f1ba062585bc,Negative,0,0.06369820489329626,0.16271503937866347,0.9778044391121775,False
73d3f1ba062585bc,Neutral,1,0.19849708359577561,0.16001602737077497,0.23235352929414116,False
73d3f1ba062585bc,Pleasant,2,0.1812134602815025,0.1635071221675776,0.3369326134773045,False
80c3cd40fa35f908,Negative,0,0.15120077706347612,0.15965888895317773,0.47130573885222954,False
80c3cd40fa35f908,Neutral,1,0.17006520283941345,0.16051874165086538,0.3667266546690662,False
80c3cd40fa35f908,Pleasant,2,0.2823632107410594,0.16399229219712597,0.04399120175964807,True
f57e5cb1f4532c00,Negative,0,0.24798389178661528,0.15854797231036533,0.11477704459108179,False
f57e5cb1f4532c00,Neutral,1,0.1904284444431573,0.15926031876947563,0.28314337132573486,False
f57e5cb1f4532c00,Pleasant,2,0.1449266118795723,0.16238413432165694,0.5496900619876025,False
284de502c9847342,Negative,0,0.29233208074179257,0.16089989943546643,0.04279144171165767,True
284de502c9847342,Neutral,1,0.48458212755505475,0.16414551389525026,0.0001999600079984003,True
284de502c9847342,Pleasant,2,0.2753941384028763,0.16087364333899665,0.07198560287942411,False
68519a9eca55c68c,Negative,0,0.2090794988946033,0.16592640991391724,0.20695860827834434,False
68519a9eca55c68c,Neutral,1,0.23243013930614406,0.16483539134416625,0.10597880423915217,False
68519a9eca55c68c,Pleasant,2,0.21814906771244072,0.16440462605532738,0.16456708658268346,False
4a8596a7790b5ca9,Negative,0,0.16146890948202486,0.1592224247607023,0.41571685662867425,False
4a8596a7790b5ca9,Neutral,1,0.2131384870623284,0.16262132426217885,0.1873625274945011,False
4a8596a7790b5ca9,Pleasant,2,0.1973967097923241,0.1593810969596585,0.2481503699260148,False
41e521adf8ae7a0f,Negative,0,0.06012187709680164,0.15734926168388932,0.9556088782243551,False
41e521adf8ae7a0f,Neutral,1,0.15491957925224434,0.1623249033055747,0.4787042591481704,False
41e521adf8ae7a0f,Pleasant,2,0.21794271457162018,0.1649584806189032,0.16716656668666266,False
cba28b89eb859497,Negative,0,0.19116692025774243,0.16594555514269968,0.29114177164567084,False
cba28b89eb859497,Neutral,1,0.18203480868389066,0.1581457391355807,0.30453909218156366,False
cba28b89eb859497,Pleasant,2,0.4556953751376967,0.15829274722884462,0.002999400119976005,True
8cd2510271575d84,Negative,0,0.31227669244797895,0.1657616139136753,0.003799240151969606,True
8cd2510271575d84,Neutral,1,0.2641335260186788,0.1584824602631422,0.09718056388722256,False
8cd2510271575d84,Pleasant,2,0.37373870338819876,0.15865882980879234,0.005598880223955209,True
3068430da9e4b7a6,Negative,0,0.42529584581819785,0.15644307799763127,0.005198960207958408,True
3068430da9e4b7a6,Neutral,1,0.15285558928119208,0.1607653146321054,0.47890421915616876,False
3068430da9e4b7a6,Pleasant,2,0.15992006877269346,0.16362649783354535,0.47110577884423116,False
b8aed072d29403ec,Negative,0,0.34329516671787136,0.16048039595650704,0.019396120775844832,True
b8aed072d29403ec,Neutral,1,0.45406919492615944,0.16271638609756325,0.0001999600079984003,True
b8aed072d29403ec,Pleasant,2,0.2373618417183475,0.1578320979207292,0.13017396520695862,False
52f11620e397f867,Negative,0,0.5252711109167987,0.15761290687926674,0.0003999200159968006,True
52f11620e397f867,Neutral,1,0.24165199890782146,0.16170697848505064,0.12077584483103379,False
52f11620e397f867,Pleasant,2,0.1489851539900381,0.15845129671229394,0.47690461907618475,False
2811745d7b8d8874,Negative,0,0.2680005326798679,0.15954780177065456,0.08218356328734253,False
2811745d7b8d8874,Neutral,1,0.20991376231594186,0.1598119621018901,0.20655868826234752,False
2811745d7b8d8874,Pleasant,2,0.4815684425822244,0.15733153313814838,0.0007998400319936012,True
7045d16ae7f043ec,Negative,0,0.2139444544286414,0.16336408700068492,0.1811637672465507,False
7045d16ae7f043ec,Neutral,1,0.15898958802982213,0.16279317114272385,0.45610877824435114,False
7045d16ae7f043ec,Pleasant,2,0.20125200409880875,0.15959630407592484,0.23155368926214756,False
2397346b45823e07,Negative,0,0.4692079655649783,0.15866668897234787,0.0009998000399920016,True
2397346b45823e07,Neutral,1,0.5468949531222888,0.15957409637211714,0.0001999600079984003,True
2397346b45823e07,Pleasant,2,0.5794807668582811,0.15812269155055295,0.0001999600079984003,True
70260742c2952154,Negative,0,0.34390959523907166,0.16031994483038445,0.014797040591881624,True
70260742c2952154,Neutral,1,0.12328194406851573,0.1649671349493496,0.7736452709458108,False
70260742c2952154,Pleasant,2,0.21172378040367995,0.1554835257240627,0.1951609678064387,False
eb3be230bbd2844b,Negative,0,0.3281230911829933,0.15767185975384568,0.03159368126374725,True
eb3be230bbd2844b,Neutral,1,0.3579256915595075,0.15893111827148473,0.010597880423915218,True
eb3be230bbd2844b,Pleasant,2,0.3442683724427045,0.1610602758453998,0.015196960607878424,True
684fe39f03758de6,Negative,0,0.1837765599740095,0.16572339126236005,0.33473305338932213,False
684fe39f03758de6,Neutral,1,0.23908250053941407,0.1615970521763209,0.11177764447110577,False
684fe39f03758de6,Pleasant,2,0.33481424483820776,0.1628974307821858,0.015596880623875225,True
7559ca4a957c8c82,Negative,0,0.11495871829720666,0.16332234340120017,0.7720455908818237,False
7559ca4a957c8c82,Neutral,1,0.19583615509045982,0.16288366743842958,0.2565486902619476,False
7559ca4a957c8c82,Pleasant,2,0.36864811278973286,0.16457517515135497,0.0009998000399920016,True
1dfacb2ea5a03e0a,Negative,0,0.1470245229298105,0.15709376733669989,0.48670265946810637,False
1dfacb2ea5a03e0a,Neutral,1,0.21351508164750369,0.1565607296331519,0.1871625674865027,False
1dfacb2ea5a03e0a,Pleasant,2,0.18704400397877358,0.1589828398136234,0.29934013197360526,False
a4e00d7e6aa82111,Negative,0,0.1458575443215301,0.1616898114385035,0.5312937412517497,False
a4e00d7e6aa82111,Neutral,1,0.2638479021022488,0.1590750627894652,0.07358528294341132,False
a4e00d7e6aa82111,Pleasant,2,0.05317195841449345,0.15926489908264252,0.9798040391921615,False
5a39cadd1b007093,Negative,0,0.46918146803155447,0.15935307787710074,0.0011997600479904018,True
5a39cadd1b007093,Neutral,1,0.20389727538214555,0.16678461601156797,0.23075384923015396,False
5a39cadd1b007093,Pleasant,2,0.19034096638380835,0.16625140184593754,0.30033993201359727,False
27badc983df1780b,Negative,0,0.32608459580358806,0.15898146414537678,0.022795440911817635,True
27badc983df1780b,Neutral,1,0.4281719927943426,0.15573926118250478,0.0023995200959808036,True
27badc983df1780b,Pleasant,2,0.10604682468851763,0.16259415289332987,0.8034393121375725,False
4621c1d55fa4e86c,Negative,0,0.2690645407596972,0.16351862556357816,0.0649870025994801,False
4621c1d55fa4e86c,Neutral,1,0.17956127566096614,0.16306114317586384,0.34453109378124375,False
4621c1d55fa4e86c,Pleasant,2,0.06592194838504718,0.16067999757642815,0.976004799040192,False
fc56dbc6d4652b31,Negative,0,0.23859893887936753,0.1648718340430767,0.09978004399120176,False
fc56dbc6d4652b31,Neutral,1,0.23231030293138902,0.16619587180060255,0.11537692461507698,False
fc56dbc6d4652b31,Pleasant,2,0.2929166992629928,0.1620089688452646,0.036192761447710456,True
f8809aff4d69bece,Negative,0,0.5349386924317006,0.15945408689705431,0.0001999600079984003,True
f8809aff4d69bece,Neutral,1,0.0842338451643205,0.16258174127157263,0.9350129974005199,False
f8809aff4d69bece,Pleasant,2,0.25171326021747525,0.1616032284873578,0.09898020395920816,False
5cf4e26bd3d87da5,Negative,0,0.30689565324636825,0.16601454097456517,0.007198560287942412,True
5cf4e26bd3d87da5,Neutral,1,0.0975260381091632,0.16574744679343648,0.9290141971605679,False
5cf4e26bd3d87da5,Pleasant,2,0.21695968784433584,0.1660403696607818,0.14717056588682265,False
968076be2e38cf89,Negative,0,0.14321847572228094,0.16284794303200248,0.5700859828034394,False
968076be2e38cf89,Neutral,1,0.22476385614496733,0.16273605591900656,0.15316936612677465,False
968076be2e38cf89,Pleasant,2,0.1485520636685133,0.15836753638717707,0.4949010197960408,False
8df66f64b5742439,Negative,0,0.472229644321726,0.15877982889040612,0.0005998800239952009,True
8df66f64b5742439,Neutral,1,0.1725358239572341,0.16401848365222724,0.3853229354129174,False
8df66f64b5742439,Pleasant,2,0.24250328255067927,0.1638783275758299,0.08878224355128975,False
83f814f7a92e365c,Negative,0,0.22096366799799266,0.1577612826885559,0.17636472705458908,False
83f814f7a92e365c,Neutral,1,0.16518657770546474,0.16357886764995513,0.4425114977004599,False
83f814f7a92e365c,Pleasant,2,0.2835582131342858,0.1633366711432653,0.04299140171965607,True
fa2b7af0a811b9ac,Negative,0,0.21654485693993689,0.16151938290281073,0.16516696660667868,False
fa2b7af0a811b9ac,Neutral,1,0.2331874822025642,0.16155227966236171,0.1259748050389922,False
fa2b7af0a811b9ac,Pleasant,2,0.21195381164460464,0.16249015190457908,0.1983603279344131,False
d48ff4b2f68a10fd,Negative,0,0.377631396185521,0.15688232333734453,0.009998000399920015,True
d48ff4b2f68a10fd,Neutral,1,0.20312480067757088,0.16005189680799525,0.22055588882223556,False
d48ff4b2f68a10fd,Pleasant,2,0.39622269604449717,0.1563848529592811,0.006798640271945611,True
802b906a18591ead,Negative,0,0.22942455122798894,0.15945564881317814,0.13897220555888823,False
802b906a18591ead,Neutral,1,0.27661206358944934,0.1578716824339257,0.057388522295540895,False
802b906a18591ead,Pleasant,2,0.332359518848785,0.1622783587254076,0.014797040591881624,True
d86580a57f7bf542,Negative,0,0.2863384780458473,0.16015057215207504,0.04919016196760648,True
d86580a57f7bf542,Neutral,1,0.25458294140717586,0.16061903070227126,0.09378124375124974,False
d86580a57f7bf542,Pleasant,2,0.09684771319289072,0.16234839482571498,0.873625274945011,False
16badfc6202cb3f8,Negative,0,0.2498854971242669,0.15987804790294294,0.10017996400719856,False
16badfc6202cb3f8,Neutral,1,0.30734402753790757,0.16105322372420872,0.03699260147970406,True
16badfc6202cb3f8,Pleasant,2,0.2411807519299039,0.160522085613412,0.12157568486302739,False
314f04b30f62e005,Negative,0,0.1594963474934555,0.16057906945033257,0.44631073785242953,False
314f04b30f62e005,Neutral,1,0.1719592509190623,0.16048163639819996,0.3713257348530294,False
314f04b30f62e005,Pleasant,2,0.32858370566321154,0.15600964851704976,0.028794241151769647,True
9b871512327c09ce,Negative,0,0.23052379929625527,0.16616951997276744,0.1201759648070386,False
9b871512327c09ce,Neutral,1,0.2529012325716877,0.16057941504125842,0.11357728454309138,False
9b871512327c09ce,Pleasant,2,0.5277032961997333,0.15961344732955746,0.0001999600079984003,True
84a5092e4a5b6fe9,Negative,0,0.047866538730751876,0.162147534936941,0.9964007198560288,False
84a5092e4a5b6fe9,Neutral,1,0.15660498874957374,0.15786809194024612,0.4313137372525495,False
84a5092e4a5b6fe9,Pleasant,2,0.25092090071607187,0.16477749631545546,0.07858428314337132,False
0e6523810856a138,Negative,0,0.16202567680212498,0.16281702050737054,0.4397120575884823,False
0e6523810856a138,Neutral,1,0.1100756304615249,0.16276960032165125,0.8070385922815437,False
0e6523810856a138,Pleasant,2,0.2591767130548297,0.16471218098363402,0.07438512297540492,False
8f1f64db81c40ea1,Negative,0,0.49354279039489574,0.16022957414435765,0.0001999600079984003,True
8f1f64db81c40ea1,Neutral,1,0.1570019775126976,0.15906031452914168,0.4419116176764647,False
8f1f64db81c40ea1,Pleasant,2,0.161345312916694,0.15852129528819164,0.41291741651669667,False
dfe62e836a0a6f26,Negative,0,0.4175338615392289,0.1596373407746368,0.0033993201359728054,True
dfe62e836a0a6f26,Neutral,1,0.13341051251344313,0.1628282196393081,0.6624675064987002,False
dfe62e836a0a6f26,Pleasant,2,0.27315567307312993,0.16514761076434575,0.038992201559688064,True
9d693eeee1d1899c,Negative,0,0.14210548682509003,0.16455501212291848,0.6422715456908619,False
9d693eeee1d1899c,Neutral,1,0.15927133408296998,0.16577532029754827,0.5016996600679864,False
9d693eeee1d1899c,Pleasant,2,0.41987068340584377,0.16315044011265842,0.0003999200159968006,True
138d9e809e386a7b,Negative,0,0.17589379306907943,0.16031683174999267,0.3473305338932214,False
138d9e809e386a7b,Neutral,1,0.16972204280971595,0.16071935326344103,0.3773245350929814,False
138d9e809e386a7b,Pleasant,2,0.2751038406068267,0.16391085199160282,0.04799040191961608,True
835d5e8314340ab8,Negative,0,0.4752728519993289,0.1604104908982648,0.0003999200159968006,True
835d5e8314340ab8,Neutral,1,0.3163752974081556,0.16060518191819473,0.02439512097580484,True
835d5e8314340ab8,Pleasant,2,0.333642419633795,0.16195222810163568,0.015196960607878424,True
114bd151f8fb0c58,Negative,0,0.3125139605958121,0.16526666672896345,0.01759648070385923,True
114bd151f8fb0c58,Neutral,1,0.3351411862172915,0.16261474753991992,0.01779644071185763,True
114bd151f8fb0c58,Pleasant,2,0.13981840620627653,0.16432790251699436,0.6440711857628474,False
9a049b03f6fc40bf,Negative,0,0.269468394906976,0.1601791832977261,0.0635872825434913,False
9a049b03f6fc40bf,Neutral,1,0.17776115936248532,0.1631552532988906,0.3499300139972006,False
9a049b03f6fc40bf,Pleasant,2,0.1810278983117692,0.16084531529766208,0.3261347730453909,False
e7866fdc6672f827,Negative,0,0.25131885239764945,0.15987398722117288,0.10257948410317937,False
e7866fdc6672f827,Neutral,1,0.31672015717997687,0.15978144559998364,0.04099180163967207,True
e7866fdc6672f827,Pleasant,2,0.1467963403408138,0.16361558918912797,0.5612877424515097,False
9556b82499cc0aaf,Negative,0,0.13338866310902864,0.16093872854621605,0.6016796640671865,False
9556b82499cc0aaf,Neutral,1,0.23182725955372946,0.16261369168086726,0.13717256548690263,False
9556b82499cc0aaf,Pleasant,2,0.30523680203838727,0.15869081949119473,0.04519096180763847,True
4c970004b0678d43,Negative,0,0.4264720077642257,0.16121277537722675,0.0005998800239952009,True
4c970004b0678d43,Neutral,1,0.33739034478314733,0.16436982809198275,0.010797840431913617,True
4c970004b0678d43,Pleasant,2,0.16929397614723238,0.16495154284115043,0.41611677664467106,False
a30f4ef42176d28f,Negative,0,0.21593818228813466,0.16478723703544967,0.1867626474705059,False
a30f4ef42176d28f,Neutral,1,0.48532405957955294,0.158490253569154,0.0013997200559888023,True
a30f4ef42176d28f,Pleasant,2,0.22764519821061444,0.1600312850573262,0.15876824635072986,False
7c252ab334fb8fd8,Negative,0,0.11153335553784505,0.15894182277446647,0.7242551489702059,False
7c252ab334fb8fd8,Neutral,1,0.1977841911015523,0.16010604656980482,0.2519496100779844,False
7c252ab334fb8fd8,Pleasant,2,0.13082784298545094,0.16166608883440217,0.6476704659068186,False
39bb88f40d3aa2b2,Negative,0,0.15102608008866972,0.16696396397451452,0.5690861827634474,False
39bb88f40d3aa2b2,Neutral,1,0.1853340421751122,0.16665477389330025,0.33313337332533494,False
39bb88f40d3aa2b2,Pleasant,2,0.1473340867460326,0.1637428056062312,0.5860827834433113,False
e888a676e1926d0c,Negative,0,0.28238031207380043,0.16659714559311284,0.03579284143171366,True
e888a676e1926d0c,Neutral,1,0.12430488038307796,0.16251154211523086,0.6982603479304139,False
e888a676e1926d0c,Pleasant,2,0.10625248007214327,0.1634429933906548,0.8352329534093181,False
9e6a72557ada15d0,Negative,0,0.16511319574653888,0.16581527906872917,0.4589082183563287,False
9e6a72557ada15d0,Neutral,1,0.35063291588296663,0.16242988942071235,0.01279744051189762,True
9e6a72557ada15d0,Pleasant,2,0.18239140853846506,0.16668033306648608,0.35532893421315737,False
4be84111a613654b,Negative,0,0.2287527928288524,0.16501194063330407,0.12157568486302739,False
4be84111a613654b,Neutral,1,0.31573343982425733,0.1609099057739433,0.026794641071785644,True
4be84111a613654b,Pleasant,2,0.3860079024270364,0.15836483875874446,0.005598880223955209,True
768b84ef05f655d5,Negative,0,0.148139770259515,0.1620476219790968,0.5278944211157769,False
768b84ef05f655d5,Neutral,1,0.30782431670752886,0.1650007965644583,0.018196360727854428,True
768b84ef05f655d5,Pleasant,2,0.39254709771890034,0.16036988524858556,0.005598880223955209,True
d8d1790737d57ac4,Negative,0,0.342703673289658,0.16105437547393095,0.01839632073585283,True
d8d1790737d57ac4,Neutral,1,0.17276622324443405,0.1651558656929244,0.4055188962207559,False
d8d1790737d57ac4,Pleasant,2,0.3693963322562063,0.1628554983044089,0.002999400119976005,True
3a1dfb05d7257530,Negative,0,0.13741909547558787,0.1662253761467026,0.6878624275144971,False
3a1dfb05d7257530,Neutral,1,0.14572642847395215,0.1611439470267595,0.5312937412517497,False
3a1dfb05d7257530,Pleasant,2,0.3922205293266617,0.16437650395752257,0.0001999600079984003,True
27e1615212f3c6ea,Negative,0,0.5313032138627627,0.1587601631533365,0.0001999600079984003,True
27e1615212f3c6ea,Neutral,1,0.10310590164495594,0.16054140278721674,0.8070385922815437,False
27e1615212f3c6ea,Pleasant,2,0.45094521465911386,0.1595499398893142,0.0011997600479904018,True
e0850a775c17a870,Negative,0,0.10473795644074972,0.1596319663412773,0.7982403519296141,False
e0850a775c17a870,Neutral,1,0.1744901780783354,0.16117623412656526,0.36112777444511096,False
e0850a775c17a870,Pleasant,2,0.10163361708682811,0.16107442230143357,0.830633873225355,False
1e68ed4e3d58a510,Negative,0,0.17667520793563896,0.1631857527456791,0.34853029394121177,False
1e68ed4e3d58a510,Neutral,1,0.4663634909956678,0.16217700577987618,0.0001999600079984003,True
1e68ed4e3d58a510,Pleasant,2,0.21949709036664983,0.16021883890022376,0.16896620675864826,False
00328ce57bbc14b3,Negative,0,0.24922786279727022,0.16253353048072688,0.09598080383923216,False
00328ce57bbc14b3,Neutral,1,0.28657978919293536,0.15762266362002678,0.0615876824635073,False
00328ce57bbc14b3,Pleasant,2,0.14344314327863117,0.1652004995981201,0.6360727854429115,False
af180e4359fc6179,Negative,0,0.16993557365777429,0.16435874482967755,0.4201159768046391,False
af180e4359fc6179,Neutral,1,0.18245031103412968,0.1596682385333649,0.3091381723655269,False
af180e4359fc6179,Pleasant,2,0.19005586698457383,0.1623505023040867,0.2715456908618276,False
09895de0407bcb03,Negative,0,0.11549980713450315,0.16282099775886466,0.7566486702659468,False
09895de0407bcb03,Neutral,1,0.12701799098290423,0.16021549808841687,0.6634673065386922,False
09895de0407bcb03,Pleasant,2,0.2902328111809604,0.15900088402211035,0.04339132173565287,True
33512007840ced1b,Negative,0,0.5163124245391267,0.1576606003959681,0.0001999600079984003,True
33512007840ced1b,Neutral,1,0.33054751435138136,0.1624421711682914,0.011197760447910418,True
33512007840ced1b,Pleasant,2,0.21721942612714928,0.16223875936350024,0.1773645270945811,False
6db6eb4af1e18ab8,Negative,0,0.12327344976462798,0.15584113794336432,0.6032793441311738,False
6db6eb4af1e18ab8,Neutral,1,0.15749857435243644,0.16158811713429821,0.46230753849230155,False
6db6eb4af1e18ab8,Pleasant,2,0.33391494362772633,0.1601131450755284,0.02559488102379524,True
7cb676d57114874e,Negative,0,0.17272919620720067,0.16631004863764712,0.41571685662867425,False
7cb676d57114874e,Neutral,1,0.25604103229732667,0.159833146225018,0.09758048390321936,False
7cb676d57114874e,Pleasant,2,0.1466101175078787,0.16362053669696916,0.589882023595281,False
2cfc8ccbd7c0b176,Negative,0,0.14615643744512136,0.16231063325851752,0.5364927014597081,False
2cfc8ccbd7c0b176,Neutral,1,0.07578020205701323,0.162395561953837,0.9532093581283744,False
2cfc8ccbd7c0b176,Pleasant,2,0.19599762585415725,0.15953403747602857,0.251749650069986,False
9cfd3c755be26b4e,Negative,0,0.3921410218504384,0.15643929490927544,0.009398120375924815,True
9cfd3c755be26b4e,Neutral,1,0.26519380904217066,0.16016135644994203,0.08338332333533294,False
9cfd3c755be26b4e,Pleasant,2,0.4813970441123775,0.15779097476532128,0.0011997600479904018,True
76ebdb6d45c61ca1,Negative,0,0.24800097021697987,0.16467884003850908,0.07798440311937613,False
76ebdb6d45c61ca1,Neutral,1,0.32291366895133844,0.16323098730265165,0.02439512097580484,True
76ebdb6d45c61ca1,Pleasant,2,0.1433997542235276,0.1628852741977191,0.5718856228754249,False
c3ea99f86b2f8a74,Negative,0,0.09966272734804121,0.16180827454906915,0.8468306338732253,False
c3ea99f86b2f8a74,Neutral,1,0.1653852359826119,0.1627832264256566,0.4267146570685863,False
c3ea99f86b2f8a74,Pleasant,2,0.13895335013137114,0.16038464222088863,0.5650869826034793,False
8bd9c0d453533757,Negative,0,0.35467018251184174,0.16221123286343744,0.0057988402319536095,True
8bd9c0d453533757,Neutral,1,0.2275335412873982,0.16463139439003377,0.1401719656068786,False
8bd9c0d453533757,Pleasant,2,0.31194203722169045,0.16264221197567297,0.025994801039792043,True
d874e4e4a5df2117,Negative,0,0.10931968365695931,0.1643238101315143,0.8164367126574685,False
d874e4e4a5df2117,Neutral,1,0.13270462188647958,0.16368176514897884,0.6494701059788043,False
d874e4e4a5df2117,Pleasant,2,0.24971904740488737,0.16168107496841402,0.10257948410317937,False
090d3859ff6840b2,Negative,0,0.27144236417564643,0.16461253141582044,0.04439112177564487,True
090d3859ff6840b2,Neutral,1,0.2899284540448704,0.16409279352319298,0.03119376124775045,True
090d3859ff6840b2,Pleasant,2,0.2390361025398154,0.16638244614526548,0.11017796440711858,False
48a1706eca5ee614,Negative,0,0.25916407707990935,0.16514866888996346,0.057388522295540895,False
48a1706eca5ee614,Neutral,1,0.17554884277430954,0.16428077374924324,0.3713257348530294,False
48a1706eca5ee614,Pleasant,2,0.23487116706682995,0.16532550644014624,0.1187762447510498,False
43c727ee4fc72505,Negative,0,0.23701813017629114,0.1620580747913014,0.1281743651269746,False
43c727ee4fc72505,Neutral,1,0.40923901690978937,0.1627029076764932,0.0015996800639872025,True
43c727ee4fc72505,Pleasant,2,0.26174592675430836,0.16185871376838395,0.08038392321535692,False
226f76b55acb4970,Negative,0,0.4137897990439072,0.16209126434457313,0.0009998000399920016,True
226f76b55acb4970,Neutral,1,0.20892440361416112,0.16134549865242995,0.20335932813437313,False
226f76b55acb4970,Pleasant,2,0.17374485242086857,0.16050395613977145,0.3505298940211958,False
865736a1c30a82dc,Negative,0,0.5092618764252425,0.16087708499675135,0.0001999600079984003,True
865736a1c30a82dc,Neutral,1,0.20482404656795575,0.161784262044201,0.22135572885422916,False
865736a1c30a82dc,Pleasant,2,0.14331330902452086,0.16472331555011105,0.6018796240751849,False
8efbbe9bc19ad2e0,Negative,0,0.29780107528786903,0.15967427984209784,0.05078984203159368,False
8efbbe9bc19ad2e0,Neutral,1,0.4652027208332669,0.1611748429250629,0.0005998800239952009,True
8efbbe9bc19ad2e0,Pleasant,2,0.12860093301905248,0.16454656509970444,0.7378524295140971,False
8d1ede4f889e0ed6,Negative,0,0.3256540166449267,0.1577598188676744,0.027594481103779243,True
8d1ede4f889e0ed6,Neutral,1,0.31555682956782455,0.16506720329529004,0.022595480903819236,True
8d1ede4f889e0ed6,Pleasant,2,0.42949624976747486,0.1592238950383888,0.0021995600879824036,True
